"priority","domain","field_name","required","join_key","purpose","notes"
"P0","Order","order_no","Y","sales_order.order_no","Sales Order identity","Stable unique business key"
"P0","Order","order_type","Y","","Separate SO/other order types",""
"P0","Order","order_company","Y","","Company/legal entity",""
"P0","Order","line_no","Y","sales_order_line.line_no","Order line identity","Unique with order_no/order_type/company"
"P0","Order","customer_no","Y","customer.customer_no","Customer join",""
"P0","Order","customer_name","Y","","Executive display",""
"P1","Order","project_no","Y","project.project_no","Project grouping","If ERP has project/job number"
"P1","Order","project_name","Y","","Executive display",""
"P0","Order","item_no","Y","item.item_no","Finished-goods/item join",""
"P0","Order","item_description","Y","","Display/search",""
"P0","Order","quantity_ordered","Y","","Demand quantity",""
"P0","Order","uom","Y","","Quantity context",""
"P0","Order","order_date","Y","","Demand aging",""
"P0","Order","request_date","Y","","Customer requested date",""
"P0","Order","original_promised_date","Y","","Promise governance baseline","Do not overwrite"
"P0","Order","current_promised_date","Y","","Current delivery commitment",""
"P0","Order","scheduled_pick_date","Y","","Shipping readiness",""
"P0","Order","actual_ship_date","Y","","OTD / actual delivery evidence",""
"P0","Order","quantity_shipped","Y","","Delivery progress",""
"P1","Order","quantity_backordered","Y","","Backorder exposure",""
"P1","Order","quantity_cancelled","Y","","Net demand",""
"P0","Order","last_status","Y","","ERP order-state evidence",""
"P0","Order","next_status","Y","","ERP workflow state",""
"P1","Order","customer_po","N","","Customer reference",""
"P1","Order","order_value","N","","Value-at-risk / prioritization","Net or extended line amount"
"P1","Order","currency_code","N","","Value normalization",""
"P1","Order","priority_code","N","","Existing ERP priority","Do not replace with AI score"
"P0","Order","updated_at","Y","","Incremental API sync","Source timestamp"
"P0","WorkOrder","wo_no","Y","work_order.wo_no","WO identity","Stable unique business key"
"P0","WorkOrder","wo_type","Y","","WO type",""
"P0","WorkOrder","related_order_no","Y","sales_order.order_no","SO ↔ WO traceability",""
"P0","WorkOrder","related_order_line_no","Y","sales_order_line.line_no","SO line ↔ WO traceability","If available"
"P0","WorkOrder","fg_item_no","Y","item.item_no","Finished good",""
"P0","WorkOrder","wo_quantity","Y","","Production demand",""
"P0","WorkOrder","wo_uom","Y","","Quantity context",""
"P0","WorkOrder","wo_status","Y","","Current WO state",""
"P0","WorkOrder","release_date","Y","","Released/frozen logic",""
"P0","WorkOrder","planned_start","Y","","Baseline schedule",""
"P0","WorkOrder","planned_complete","Y","","Baseline schedule",""
"P1","WorkOrder","actual_start","N","","Execution progress",""
"P1","WorkOrder","actual_complete","N","","Completion evidence",""
"P0","WorkOrder","branch_plant","Y","","Plant/site scope",""
"P1","WorkOrder","planner_id","N","","Planner ownership",""
"P1","WorkOrder","engineer_id","N","","Engineering ownership",""
"P1","WorkOrder","engineer_name","N","","Display",""
"P0","WorkOrder","updated_at","Y","","Incremental sync",""
"P0","Cutting","cutting_no","Y","cutting_job.cutting_no","Cutting identity","Legacy Group/Cutting Number"
"P0","Cutting","wo_no","Y","work_order.wo_no","WO ↔ Cutting",""
"P0","Cutting","cutting_type","Y","","Process classification",""
"P0","Cutting","cutting_status","Y","","Current state",""
"P0","Cutting","status_description","Y","","Readable state",""
"P0","Cutting","material_item_no","Y","item.item_no","Primary material",""
"P0","Cutting","planned_finish","Y","","Planning baseline",""
"P0","Cutting","transfer_due","Y","","Inter-process promise",""
"P0","Cutting","delivery_due","Y","","Risk calculation",""
"P1","Cutting","actual_transfer_60","N","","Status evidence",""
"P1","Cutting","actual_receive_70","N","","Status evidence",""
"P1","Cutting","actual_close_99","N","","Status evidence",""
"P1","Cutting","actual_complete_9d","N","","Terminal evidence",""
"P0","Cutting","updated_at","Y","","Incremental sync",""
"P0","BOM","parent_wo_no","Y","work_order.wo_no","BOM to WO",""
"P0","BOM","cutting_no","Y","cutting_job.cutting_no","Component allocation","If component is cutting-specific"
"P0","BOM","component_line_no","Y","","BOM line identity",""
"P0","BOM","component_item_no","Y","item.item_no","Material join",""
"P0","BOM","required_qty","Y","","Gross material requirement",""
"P0","BOM","uom","Y","","Quantity context",""
"P0","BOM","need_date","Y","","Material readiness by time",""
"P1","BOM","issue_qty","N","","Actual material consumption",""
"P1","BOM","scrap_factor","N","","Net material requirement",""
"P1","BOM","substitute_group","N","","Alternative material simulation",""
"P0","Routing","wo_no","Y","work_order.wo_no","Routing to WO",""
"P0","Routing","cutting_no","N","cutting_job.cutting_no","Routing to cutting","If routing is cutting-specific"
"P0","Routing","operation_seq","Y","","Precedence order",""
"P0","Routing","work_center_code","Y","work_center.business_unit","Capacity lane",""
"P0","Routing","operation_description","Y","","Display",""
"P0","Routing","setup_minutes","Y","","Finite-capacity scheduling","Request separate setup from run"
"P0","Routing","run_minutes_per_unit","Y","","Finite-capacity scheduling","Or standard labor/machine hours"
"P1","Routing","queue_minutes","N","","Lead-time model",""
"P1","Routing","move_minutes","N","","Inter-work-center transport",""
"P1","Routing","crew_size_required","N","","Labor constraint",""
"P1","Routing","machine_group","N","","Machine constraint",""
"P1","Routing","alternate_work_center","N","","What-if rerouting",""
"P1","Routing","setup_family","N","","Sequence-dependent setup","Color/material/product family"
"P0","Routing","effective_from","Y","","Version control",""
"P1","Routing","effective_to","N","","Version control",""
"P0","Capacity","work_center_code","Y","work_center.business_unit","Capacity lane identity",""
"P0","Capacity","calendar_date","Y","","Slot date",""
"P0","Capacity","shift_code","Y","","Slot granularity",""
"P0","Capacity","available_minutes","Y","","Hard capacity","Net of planned downtime if possible"
"P0","Capacity","labor_available_minutes","Y","","Labor bottleneck",""
"P1","Capacity","machine_available_minutes","N","","Machine bottleneck",""
"P1","Capacity","overtime_available_minutes","N","","What-if option",""
"P1","Capacity","planned_downtime_minutes","N","","Maintenance/meeting/etc.",""
"P1","Capacity","frozen_flag","Y","","Cannot auto-move slot","Frozen horizon protection"
"P1","Capacity","locked_reason","N","","Explain immovable capacity",""
"P0","Execution","wo_no","Y","work_order.wo_no","Actual execution join",""
"P0","Execution","cutting_no","Y","cutting_job.cutting_no","Actual execution join",""
"P0","Execution","operation_seq","Y","","Operation join",""
"P0","Execution","work_center_code","Y","work_center.business_unit","Actual lane",""
"P1","Execution","team_code","N","","Team load",""
"P0","Execution","actual_start_at","Y","","Actual progress","Timestamp preferred"
"P0","Execution","actual_end_at","N","","Actual progress","Timestamp preferred"
"P0","Execution","actual_minutes","Y","","Productivity / remaining work","Must not be blank"
"P1","Execution","good_qty","N","","Yield/progress",""
"P1","Execution","scrap_qty","N","","Quality loss",""
"P0","Execution","operation_status","Y","","Open/complete/hold",""
"P1","Execution","hold_code","N","","Constraint / exception",""
"P1","Execution","hold_reason","N","","Explain blockage",""
"P0","Execution","updated_at","Y","","Incremental sync",""
"P0","Inventory","item_no","Y","item.item_no","Material join",""
"P0","Inventory","branch_plant","Y","","Stock scope",""
"P0","Inventory","location","Y","","Physical availability",""
"P1","Inventory","lot_no","N","","Lot traceability",""
"P0","Inventory","on_hand_qty","Y","","Material readiness",""
"P0","Inventory","soft_committed_qty","Y","","ATP calculation",""
"P0","Inventory","hard_committed_qty","Y","","ATP calculation",""
"P1","Inventory","project_committed_qty","N","","Avoid stealing reserved stock",""
"P0","Inventory","on_po_qty","Y","","Incoming supply summary",""
"P1","Inventory","in_transit_qty","N","","Near-term availability",""
"P1","Inventory","inspection_qty","N","","QC constraint",""
"P0","Inventory","uom","Y","","Quantity context",""
"P0","Inventory","snapshot_at","Y","","Stock freshness",""
"P0","PurchaseOrder","po_no","Y","","PO identity",""
"P0","PurchaseOrder","po_type","Y","","PO type",""
"P0","PurchaseOrder","po_line_no","Y","","PO line identity",""
"P0","PurchaseOrder","item_no","Y","item.item_no","Material join",""
"P0","PurchaseOrder","supplier_no","Y","supplier.supplier_no","Supplier join",""
"P0","PurchaseOrder","supplier_name","Y","","Display",""
"P0","PurchaseOrder","ordered_qty","Y","","Supply quantity",""
"P0","PurchaseOrder","received_qty","Y","","Supply progress",""
"P0","PurchaseOrder","open_qty","Y","","Incoming availability",""
"P0","PurchaseOrder","order_date","Y","","Lead time",""
"P0","PurchaseOrder","promised_delivery","Y","","ETA / shortage risk",""
"P1","PurchaseOrder","confirmed_delivery","N","","Supplier-confirmed ETA","Prefer over free-text ETA"
"P1","PurchaseOrder","last_receipt_date","N","","Supplier performance",""
"P0","PurchaseOrder","po_status","Y","","Open/closed/hold",""
"P1","PurchaseOrder","buyer_id","N","","Escalation ownership",""
"P0","PurchaseOrder","updated_at","Y","","Incremental sync",""
"P1","Quality","wo_no","Y","work_order.wo_no","Quality constraint join",""
"P1","Quality","cutting_no","N","cutting_job.cutting_no","Quality constraint join",""
"P1","Quality","inspection_lot_no","N","","Traceability",""
"P1","Quality","qc_status","Y","","Release/hold gate",""
"P1","Quality","hold_qty","N","","Available-to-produce impact",""
"P1","Quality","defect_qty","N","","Yield/capacity impact",""
"P1","Quality","hold_reason","N","","Exception explanation",""
"P1","Quality","released_at","N","","Ready time",""
"P1","Master","item_no","Y","item.item_no","Item identity",""
"P1","Master","make_buy_code","N","","Planning rule",""
"P1","Master","stocking_type","N","","Planning rule",""
"P1","Master","planner_id","N","","Ownership",""
"P1","Master","buyer_id","N","","Ownership",""
"P1","Master","lead_time_days","N","","Material/order simulation",""
"P1","Master","order_policy","N","","Lot sizing",""
"P1","Master","min_order_qty","N","","Procurement constraint",""
"P1","Master","order_multiple","N","","Procurement constraint",""
"P2","Master","critical_item_flag","N","","Risk weighting",""
"P2","Master","abc_class","N","","Inventory prioritization",""
"P0","Master","updated_at","Y","","Incremental sync",""